IF DB_ID('HRDB') IS NULL
BEGIN
    CREATE DATABASE [HRDB]
END
GO

USE [HRDB]
GO

IF OBJECT_ID('DBO.DEPARTMENTS_SEQ') IS NULL
BEGIN
    CREATE SEQUENCE  "DBO"."DEPARTMENTS_SEQ"  MINVALUE 1 MAXVALUE 9990 INCREMENT BY 10 START WITH 280;
END
GO

IF OBJECT_ID('DBO.EMPLOYEES_SEQ') IS NULL
BEGIN
    CREATE SEQUENCE  "DBO"."EMPLOYEES_SEQ"  MINVALUE 1 MAXVALUE 9999999999 INCREMENT BY 1 START WITH 207;
END
GO

IF OBJECT_ID('DBO.LOCATIONS_SEQ') IS NULL
BEGIN
    CREATE SEQUENCE  "DBO"."LOCATIONS_SEQ"  MINVALUE 1 MAXVALUE 9900 INCREMENT BY 100 START WITH 3300;
END
GO

IF OBJECT_ID('DBO.COUNTRIES') IS NULL
BEGIN
    CREATE TABLE "DBO"."COUNTRIES" 
    (	
        "COUNTRY_ID" CHAR(2), 
	    "COUNTRY_NAME" VARCHAR(40), 
	    "REGION_ID" FLOAT, 
	     CONSTRAINT "COUNTRY_C_ID_PK" PRIMARY KEY ("COUNTRY_ID") 
    )
END
GO

IF OBJECT_ID('DBO.DEPARTMENTS') IS NULL
BEGIN
    CREATE TABLE "DBO"."DEPARTMENTS" 
    (	
        "DEPARTMENT_ID" SMALLINT, 
	    "DEPARTMENT_NAME" VARCHAR(30), 
	    "MANAGER_ID" INT, 
	    "LOCATION_ID" SMALLINT
    ) 
END
GO

IF OBJECT_ID('DBO.EMPLOYEES') IS NULL
BEGIN
    CREATE TABLE "DBO"."EMPLOYEES" 
    (	
        "EMPLOYEE_ID" INT, 
	    "FIRST_NAME" VARCHAR(20), 
	    "LAST_NAME" VARCHAR(25), 
	    "EMAIL" VARCHAR(25), 
	    "PHONE_NUMBER" VARCHAR(20), 
	    "HIRE_DATE" DATETIME, 
	    "JOB_ID" VARCHAR(10), 
	    "SALARY" DECIMAL(8,2), 
	    "COMMISSION_PCT" DECIMAL(2,2), 
	    "MANAGER_ID" INT, 
	    "DEPARTMENT_ID" SMALLINT
    )
END
GO

IF OBJECT_ID('DBO.JOBS') IS NULL
BEGIN
    CREATE TABLE "DBO"."JOBS" 
    (	
        "JOB_ID" VARCHAR(10), 
	    "JOB_TITLE" VARCHAR(35), 
	    "MIN_SALARY" INT, 
	    "MAX_SALARY" INT
    )
END
GO

IF OBJECT_ID('DBO.JOB_HISTORY') IS NULL
BEGIN
    CREATE TABLE "DBO"."JOB_HISTORY" 
    (	
        "EMPLOYEE_ID" INT, 
	    "START_DATE" DATETIME, 
	    "END_DATE" DATETIME, 
	    "JOB_ID" VARCHAR(10), 
	    "DEPARTMENT_ID" SMALLINT
    );
END
GO

IF OBJECT_ID('DBO.LOCATIONS') IS NULL
BEGIN
    CREATE TABLE "DBO"."LOCATIONS" 
    (	
        "LOCATION_ID" SMALLINT, 
	    "STREET_ADDRESS" VARCHAR(40), 
	    "POSTAL_CODE" VARCHAR(12), 
	    "CITY" VARCHAR(30), 
	    "STATE_PROVINCE" VARCHAR(25), 
	    "COUNTRY_ID" CHAR(2)
    )
END
GO

IF OBJECT_ID('DBO.REGIONS') IS NULL
BEGIN
    CREATE TABLE "DBO"."REGIONS" 
    (	
        "REGION_ID" FLOAT, 
	    "REGION_NAME" VARCHAR(25)
    );
END
GO

IF OBJECT_ID('DBO.EMP_DETAILS_VIEW') IS NOT NULL
BEGIN
    DROP VIEW [DBO].[EMP_DETAILS_VIEW]
END
GO

CREATE VIEW [DBO].[EMP_DETAILS_VIEW]
    (
        "EMPLOYEE_ID", 
        "JOB_ID", 
        "MANAGER_ID", 
        "DEPARTMENT_ID", 
        "LOCATION_ID", 
        "COUNTRY_ID", 
        "FIRST_NAME", 
        "LAST_NAME", 
        "SALARY", 
        "COMMISSION_PCT", 
        "DEPARTMENT_NAME", 
        "JOB_TITLE", 
        "CITY", 
        "STATE_PROVINCE", 
        "COUNTRY_NAME", 
        "REGION_NAME"
    ) AS
    SELECT
        e.employee_id,
        e.job_id,
        e.manager_id,
        e.department_id,
        d.location_id,
        l.country_id,
        e.first_name,
        e.last_name,
        e.salary,
        e.commission_pct,
        d.department_name,
        j.job_title,
        l.city,
        l.state_province,
        c.country_name,
        r.region_name
    FROM
        employees e,
        departments d,
        jobs j,
        locations l,
        countries c,
         regions r
    WHERE e.department_id = d.department_id
        AND d.location_id = l.location_id
        AND l.country_id = c.country_id
        AND c.region_id = r.region_id
        AND j.job_id = e.job_id
GO

-- INSERTING into HR.COUNTRIES
Insert into DBO.COUNTRIES (COUNTRY_ID,COUNTRY_NAME,REGION_ID) values ('AR','Argentina',2);
Insert into DBO.COUNTRIES (COUNTRY_ID,COUNTRY_NAME,REGION_ID) values ('AU','Australia',3);
Insert into DBO.COUNTRIES (COUNTRY_ID,COUNTRY_NAME,REGION_ID) values ('BE','Belgium',1);
Insert into DBO.COUNTRIES (COUNTRY_ID,COUNTRY_NAME,REGION_ID) values ('BR','Brazil',2);
Insert into DBO.COUNTRIES (COUNTRY_ID,COUNTRY_NAME,REGION_ID) values ('CA','Canada',2);
Insert into DBO.COUNTRIES (COUNTRY_ID,COUNTRY_NAME,REGION_ID) values ('CH','Switzerland',1);
Insert into DBO.COUNTRIES (COUNTRY_ID,COUNTRY_NAME,REGION_ID) values ('CN','China',3);
Insert into DBO.COUNTRIES (COUNTRY_ID,COUNTRY_NAME,REGION_ID) values ('DE','Germany',1);
Insert into DBO.COUNTRIES (COUNTRY_ID,COUNTRY_NAME,REGION_ID) values ('DK','Denmark',1);
Insert into DBO.COUNTRIES (COUNTRY_ID,COUNTRY_NAME,REGION_ID) values ('EG','Egypt',4);
Insert into DBO.COUNTRIES (COUNTRY_ID,COUNTRY_NAME,REGION_ID) values ('FR','France',1);
Insert into DBO.COUNTRIES (COUNTRY_ID,COUNTRY_NAME,REGION_ID) values ('HK','HongKong',3);
Insert into DBO.COUNTRIES (COUNTRY_ID,COUNTRY_NAME,REGION_ID) values ('IL','Israel',4);
Insert into DBO.COUNTRIES (COUNTRY_ID,COUNTRY_NAME,REGION_ID) values ('IN','India',3);
Insert into DBO.COUNTRIES (COUNTRY_ID,COUNTRY_NAME,REGION_ID) values ('IT','Italy',1);
Insert into DBO.COUNTRIES (COUNTRY_ID,COUNTRY_NAME,REGION_ID) values ('JP','Japan',3);
Insert into DBO.COUNTRIES (COUNTRY_ID,COUNTRY_NAME,REGION_ID) values ('KW','Kuwait',4);
Insert into DBO.COUNTRIES (COUNTRY_ID,COUNTRY_NAME,REGION_ID) values ('MX','Mexico',2);
Insert into DBO.COUNTRIES (COUNTRY_ID,COUNTRY_NAME,REGION_ID) values ('NG','Nigeria',4);
Insert into DBO.COUNTRIES (COUNTRY_ID,COUNTRY_NAME,REGION_ID) values ('NL','Netherlands',1);
Insert into DBO.COUNTRIES (COUNTRY_ID,COUNTRY_NAME,REGION_ID) values ('SG','Singapore',3);
Insert into DBO.COUNTRIES (COUNTRY_ID,COUNTRY_NAME,REGION_ID) values ('UK','United Kingdom',1);
Insert into DBO.COUNTRIES (COUNTRY_ID,COUNTRY_NAME,REGION_ID) values ('US','United States of America',2);
Insert into DBO.COUNTRIES (COUNTRY_ID,COUNTRY_NAME,REGION_ID) values ('ZM','Zambia',4);
Insert into DBO.COUNTRIES (COUNTRY_ID,COUNTRY_NAME,REGION_ID) values ('ZW','Zimbabwe',4);

-- INSERTING into HR.DEPARTMENTS
Insert into DBO.DEPARTMENTS (DEPARTMENT_ID,DEPARTMENT_NAME,MANAGER_ID,LOCATION_ID) values (10,'Administration',200,1700);
Insert into DBO.DEPARTMENTS (DEPARTMENT_ID,DEPARTMENT_NAME,MANAGER_ID,LOCATION_ID) values (20,'Marketing',201,1800);
Insert into DBO.DEPARTMENTS (DEPARTMENT_ID,DEPARTMENT_NAME,MANAGER_ID,LOCATION_ID) values (30,'Purchasing',114,1700);
Insert into DBO.DEPARTMENTS (DEPARTMENT_ID,DEPARTMENT_NAME,MANAGER_ID,LOCATION_ID) values (40,'Human Resources',203,2400);
Insert into DBO.DEPARTMENTS (DEPARTMENT_ID,DEPARTMENT_NAME,MANAGER_ID,LOCATION_ID) values (50,'Shipping',121,1500);
Insert into DBO.DEPARTMENTS (DEPARTMENT_ID,DEPARTMENT_NAME,MANAGER_ID,LOCATION_ID) values (60,'IT',103,1400);
Insert into DBO.DEPARTMENTS (DEPARTMENT_ID,DEPARTMENT_NAME,MANAGER_ID,LOCATION_ID) values (70,'Public Relations',204,2700);
Insert into DBO.DEPARTMENTS (DEPARTMENT_ID,DEPARTMENT_NAME,MANAGER_ID,LOCATION_ID) values (80,'Sales',145,2500);
Insert into DBO.DEPARTMENTS (DEPARTMENT_ID,DEPARTMENT_NAME,MANAGER_ID,LOCATION_ID) values (90,'Executive',100,1700);
Insert into DBO.DEPARTMENTS (DEPARTMENT_ID,DEPARTMENT_NAME,MANAGER_ID,LOCATION_ID) values (100,'Finance',108,1700);
Insert into DBO.DEPARTMENTS (DEPARTMENT_ID,DEPARTMENT_NAME,MANAGER_ID,LOCATION_ID) values (110,'Accounting',205,1700);
Insert into DBO.DEPARTMENTS (DEPARTMENT_ID,DEPARTMENT_NAME,MANAGER_ID,LOCATION_ID) values (120,'Treasury',null,1700);
Insert into DBO.DEPARTMENTS (DEPARTMENT_ID,DEPARTMENT_NAME,MANAGER_ID,LOCATION_ID) values (130,'Corporate Tax',null,1700);
Insert into DBO.DEPARTMENTS (DEPARTMENT_ID,DEPARTMENT_NAME,MANAGER_ID,LOCATION_ID) values (140,'Control And Credit',null,1700);
Insert into DBO.DEPARTMENTS (DEPARTMENT_ID,DEPARTMENT_NAME,MANAGER_ID,LOCATION_ID) values (150,'Shareholder Services',null,1700);
Insert into DBO.DEPARTMENTS (DEPARTMENT_ID,DEPARTMENT_NAME,MANAGER_ID,LOCATION_ID) values (160,'Benefits',null,1700);
Insert into DBO.DEPARTMENTS (DEPARTMENT_ID,DEPARTMENT_NAME,MANAGER_ID,LOCATION_ID) values (170,'Manufacturing',null,1700);
Insert into DBO.DEPARTMENTS (DEPARTMENT_ID,DEPARTMENT_NAME,MANAGER_ID,LOCATION_ID) values (180,'Construction',null,1700);
Insert into DBO.DEPARTMENTS (DEPARTMENT_ID,DEPARTMENT_NAME,MANAGER_ID,LOCATION_ID) values (190,'Contracting',null,1700);
Insert into DBO.DEPARTMENTS (DEPARTMENT_ID,DEPARTMENT_NAME,MANAGER_ID,LOCATION_ID) values (200,'Operations',null,1700);
Insert into DBO.DEPARTMENTS (DEPARTMENT_ID,DEPARTMENT_NAME,MANAGER_ID,LOCATION_ID) values (210,'IT Support',null,1700);
Insert into DBO.DEPARTMENTS (DEPARTMENT_ID,DEPARTMENT_NAME,MANAGER_ID,LOCATION_ID) values (220,'NOC',null,1700);
Insert into DBO.DEPARTMENTS (DEPARTMENT_ID,DEPARTMENT_NAME,MANAGER_ID,LOCATION_ID) values (230,'IT Helpdesk',null,1700);
Insert into DBO.DEPARTMENTS (DEPARTMENT_ID,DEPARTMENT_NAME,MANAGER_ID,LOCATION_ID) values (240,'Government Sales',null,1700);
Insert into DBO.DEPARTMENTS (DEPARTMENT_ID,DEPARTMENT_NAME,MANAGER_ID,LOCATION_ID) values (250,'Retail Sales',null,1700);
Insert into DBO.DEPARTMENTS (DEPARTMENT_ID,DEPARTMENT_NAME,MANAGER_ID,LOCATION_ID) values (260,'Recruiting',null,1700);
Insert into DBO.DEPARTMENTS (DEPARTMENT_ID,DEPARTMENT_NAME,MANAGER_ID,LOCATION_ID) values (270,'Payroll',null,1700);

-- INSERTING into HR.EMPLOYEES
Insert into DBO.EMPLOYEES (EMPLOYEE_ID,FIRST_NAME,LAST_NAME,EMAIL,PHONE_NUMBER,HIRE_DATE,JOB_ID,SALARY,COMMISSION_PCT,MANAGER_ID,DEPARTMENT_ID) values (100,'Steven','King','SKING','515.123.4567',convert(DATETIME, '17-JUN-87',10),'AD_PRES',24000,null,null,90);
Insert into DBO.EMPLOYEES (EMPLOYEE_ID,FIRST_NAME,LAST_NAME,EMAIL,PHONE_NUMBER,HIRE_DATE,JOB_ID,SALARY,COMMISSION_PCT,MANAGER_ID,DEPARTMENT_ID) values (101,'Neena','Kochhar','NKOCHHAR','515.123.4568',convert(DATETIME, '21-SEP-89',10),'AD_VP',17000,null,100,90);
Insert into DBO.EMPLOYEES (EMPLOYEE_ID,FIRST_NAME,LAST_NAME,EMAIL,PHONE_NUMBER,HIRE_DATE,JOB_ID,SALARY,COMMISSION_PCT,MANAGER_ID,DEPARTMENT_ID) values (102,'Lex','De Haan','LDEHAAN','515.123.4569',convert(DATETIME, '13-JAN-93',10),'AD_VP',17000,null,100,90);
Insert into DBO.EMPLOYEES (EMPLOYEE_ID,FIRST_NAME,LAST_NAME,EMAIL,PHONE_NUMBER,HIRE_DATE,JOB_ID,SALARY,COMMISSION_PCT,MANAGER_ID,DEPARTMENT_ID) values (103,'Alexander','Hunold','AHUNOLD','590.423.4567',convert(DATETIME, '03-JAN-90',10),'IT_PROG',9000,null,102,60);
Insert into DBO.EMPLOYEES (EMPLOYEE_ID,FIRST_NAME,LAST_NAME,EMAIL,PHONE_NUMBER,HIRE_DATE,JOB_ID,SALARY,COMMISSION_PCT,MANAGER_ID,DEPARTMENT_ID) values (104,'Bruce','Ernst','BERNST','590.423.4568',convert(DATETIME, '21-MAY-91',10),'IT_PROG',6000,null,103,60);
Insert into DBO.EMPLOYEES (EMPLOYEE_ID,FIRST_NAME,LAST_NAME,EMAIL,PHONE_NUMBER,HIRE_DATE,JOB_ID,SALARY,COMMISSION_PCT,MANAGER_ID,DEPARTMENT_ID) values (105,'David','Austin','DAUSTIN','590.423.4569',convert(DATETIME, '25-JUN-97',10),'IT_PROG',4800,null,103,60);
Insert into DBO.EMPLOYEES (EMPLOYEE_ID,FIRST_NAME,LAST_NAME,EMAIL,PHONE_NUMBER,HIRE_DATE,JOB_ID,SALARY,COMMISSION_PCT,MANAGER_ID,DEPARTMENT_ID) values (106,'Valli','Pataballa','VPATABAL','590.423.4560',convert(DATETIME, '05-FEB-98',10),'IT_PROG',4800,null,103,60);
Insert into DBO.EMPLOYEES (EMPLOYEE_ID,FIRST_NAME,LAST_NAME,EMAIL,PHONE_NUMBER,HIRE_DATE,JOB_ID,SALARY,COMMISSION_PCT,MANAGER_ID,DEPARTMENT_ID) values (107,'Diana','Lorentz','DLORENTZ','590.423.5567',convert(DATETIME, '07-FEB-99',10),'IT_PROG',4200,null,103,60);
Insert into DBO.EMPLOYEES (EMPLOYEE_ID,FIRST_NAME,LAST_NAME,EMAIL,PHONE_NUMBER,HIRE_DATE,JOB_ID,SALARY,COMMISSION_PCT,MANAGER_ID,DEPARTMENT_ID) values (108,'Nancy','Greenberg','NGREENBE','515.124.4569',convert(DATETIME, '17-AUG-94',10),'FI_MGR',12000,null,101,100);
Insert into DBO.EMPLOYEES (EMPLOYEE_ID,FIRST_NAME,LAST_NAME,EMAIL,PHONE_NUMBER,HIRE_DATE,JOB_ID,SALARY,COMMISSION_PCT,MANAGER_ID,DEPARTMENT_ID) values (109,'Daniel','Faviet','DFAVIET','515.124.4169',convert(DATETIME, '16-AUG-94',10),'FI_ACCOUNT',9000,null,108,100);
Insert into DBO.EMPLOYEES (EMPLOYEE_ID,FIRST_NAME,LAST_NAME,EMAIL,PHONE_NUMBER,HIRE_DATE,JOB_ID,SALARY,COMMISSION_PCT,MANAGER_ID,DEPARTMENT_ID) values (110,'John','Chen','JCHEN','515.124.4269',convert(DATETIME, '28-SEP-97',10),'FI_ACCOUNT',8200,null,108,100);
Insert into DBO.EMPLOYEES (EMPLOYEE_ID,FIRST_NAME,LAST_NAME,EMAIL,PHONE_NUMBER,HIRE_DATE,JOB_ID,SALARY,COMMISSION_PCT,MANAGER_ID,DEPARTMENT_ID) values (111,'Ismael','Sciarra','ISCIARRA','515.124.4369',convert(DATETIME, '30-SEP-97',10),'FI_ACCOUNT',7700,null,108,100);
Insert into DBO.EMPLOYEES (EMPLOYEE_ID,FIRST_NAME,LAST_NAME,EMAIL,PHONE_NUMBER,HIRE_DATE,JOB_ID,SALARY,COMMISSION_PCT,MANAGER_ID,DEPARTMENT_ID) values (112,'Jose Manuel','Urman','JMURMAN','515.124.4469',convert(DATETIME, '07-MAR-98',10),'FI_ACCOUNT',7800,null,108,100);
Insert into DBO.EMPLOYEES (EMPLOYEE_ID,FIRST_NAME,LAST_NAME,EMAIL,PHONE_NUMBER,HIRE_DATE,JOB_ID,SALARY,COMMISSION_PCT,MANAGER_ID,DEPARTMENT_ID) values (113,'Luis','Popp','LPOPP','515.124.4567',convert(DATETIME, '07-DEC-99',10),'FI_ACCOUNT',6900,null,108,100);
Insert into DBO.EMPLOYEES (EMPLOYEE_ID,FIRST_NAME,LAST_NAME,EMAIL,PHONE_NUMBER,HIRE_DATE,JOB_ID,SALARY,COMMISSION_PCT,MANAGER_ID,DEPARTMENT_ID) values (114,'Den','Raphaely','DRAPHEAL','515.127.4561',convert(DATETIME, '07-DEC-94',10),'PU_MAN',11000,null,100,30);
Insert into DBO.EMPLOYEES (EMPLOYEE_ID,FIRST_NAME,LAST_NAME,EMAIL,PHONE_NUMBER,HIRE_DATE,JOB_ID,SALARY,COMMISSION_PCT,MANAGER_ID,DEPARTMENT_ID) values (115,'Alexander','Khoo','AKHOO','515.127.4562',convert(DATETIME, '18-MAY-95',10),'PU_CLERK',3100,null,114,30);
Insert into DBO.EMPLOYEES (EMPLOYEE_ID,FIRST_NAME,LAST_NAME,EMAIL,PHONE_NUMBER,HIRE_DATE,JOB_ID,SALARY,COMMISSION_PCT,MANAGER_ID,DEPARTMENT_ID) values (116,'Shelli','Baida','SBAIDA','515.127.4563',convert(DATETIME, '24-DEC-97',10),'PU_CLERK',2900,null,114,30);
Insert into DBO.EMPLOYEES (EMPLOYEE_ID,FIRST_NAME,LAST_NAME,EMAIL,PHONE_NUMBER,HIRE_DATE,JOB_ID,SALARY,COMMISSION_PCT,MANAGER_ID,DEPARTMENT_ID) values (117,'Sigal','Tobias','STOBIAS','515.127.4564',convert(DATETIME, '24-JUL-97',10),'PU_CLERK',2800,null,114,30);
Insert into DBO.EMPLOYEES (EMPLOYEE_ID,FIRST_NAME,LAST_NAME,EMAIL,PHONE_NUMBER,HIRE_DATE,JOB_ID,SALARY,COMMISSION_PCT,MANAGER_ID,DEPARTMENT_ID) values (118,'Guy','Himuro','GHIMURO','515.127.4565',convert(DATETIME, '15-NOV-98',10),'PU_CLERK',2600,null,114,30);
Insert into DBO.EMPLOYEES (EMPLOYEE_ID,FIRST_NAME,LAST_NAME,EMAIL,PHONE_NUMBER,HIRE_DATE,JOB_ID,SALARY,COMMISSION_PCT,MANAGER_ID,DEPARTMENT_ID) values (119,'Karen','Colmenares','KCOLMENA','515.127.4566',convert(DATETIME, '10-AUG-99',10),'PU_CLERK',2500,null,114,30);
Insert into DBO.EMPLOYEES (EMPLOYEE_ID,FIRST_NAME,LAST_NAME,EMAIL,PHONE_NUMBER,HIRE_DATE,JOB_ID,SALARY,COMMISSION_PCT,MANAGER_ID,DEPARTMENT_ID) values (120,'Matthew','Weiss','MWEISS','650.123.1234',convert(DATETIME, '18-JUL-96',10),'ST_MAN',8000,null,100,50);
Insert into DBO.EMPLOYEES (EMPLOYEE_ID,FIRST_NAME,LAST_NAME,EMAIL,PHONE_NUMBER,HIRE_DATE,JOB_ID,SALARY,COMMISSION_PCT,MANAGER_ID,DEPARTMENT_ID) values (121,'Adam','Fripp','AFRIPP','650.123.2234',convert(DATETIME, '10-APR-97',10),'ST_MAN',8200,null,100,50);
Insert into DBO.EMPLOYEES (EMPLOYEE_ID,FIRST_NAME,LAST_NAME,EMAIL,PHONE_NUMBER,HIRE_DATE,JOB_ID,SALARY,COMMISSION_PCT,MANAGER_ID,DEPARTMENT_ID) values (122,'Payam','Kaufling','PKAUFLIN','650.123.3234',convert(DATETIME, '01-MAY-95',10),'ST_MAN',7900,null,100,50);
Insert into DBO.EMPLOYEES (EMPLOYEE_ID,FIRST_NAME,LAST_NAME,EMAIL,PHONE_NUMBER,HIRE_DATE,JOB_ID,SALARY,COMMISSION_PCT,MANAGER_ID,DEPARTMENT_ID) values (123,'Shanta','Vollman','SVOLLMAN','650.123.4234',convert(DATETIME, '10-OCT-97',10),'ST_MAN',6500,null,100,50);
Insert into DBO.EMPLOYEES (EMPLOYEE_ID,FIRST_NAME,LAST_NAME,EMAIL,PHONE_NUMBER,HIRE_DATE,JOB_ID,SALARY,COMMISSION_PCT,MANAGER_ID,DEPARTMENT_ID) values (124,'Kevin','Mourgos','KMOURGOS','650.123.5234',convert(DATETIME, '16-NOV-99',10),'ST_MAN',5800,null,100,50);
Insert into DBO.EMPLOYEES (EMPLOYEE_ID,FIRST_NAME,LAST_NAME,EMAIL,PHONE_NUMBER,HIRE_DATE,JOB_ID,SALARY,COMMISSION_PCT,MANAGER_ID,DEPARTMENT_ID) values (125,'Julia','Nayer','JNAYER','650.124.1214',convert(DATETIME, '16-JUL-97',10),'ST_CLERK',3200,null,120,50);
Insert into DBO.EMPLOYEES (EMPLOYEE_ID,FIRST_NAME,LAST_NAME,EMAIL,PHONE_NUMBER,HIRE_DATE,JOB_ID,SALARY,COMMISSION_PCT,MANAGER_ID,DEPARTMENT_ID) values (126,'Irene','Mikkilineni','IMIKKILI','650.124.1224',convert(DATETIME, '28-SEP-98',10),'ST_CLERK',2700,null,120,50);
Insert into DBO.EMPLOYEES (EMPLOYEE_ID,FIRST_NAME,LAST_NAME,EMAIL,PHONE_NUMBER,HIRE_DATE,JOB_ID,SALARY,COMMISSION_PCT,MANAGER_ID,DEPARTMENT_ID) values (127,'James','Landry','JLANDRY','650.124.1334',convert(DATETIME, '14-JAN-99',10),'ST_CLERK',2400,null,120,50);
Insert into DBO.EMPLOYEES (EMPLOYEE_ID,FIRST_NAME,LAST_NAME,EMAIL,PHONE_NUMBER,HIRE_DATE,JOB_ID,SALARY,COMMISSION_PCT,MANAGER_ID,DEPARTMENT_ID) values (128,'Steven','Markle','SMARKLE','650.124.1434',convert(DATETIME, '08-MAR-00',10),'ST_CLERK',2200,null,120,50);
Insert into DBO.EMPLOYEES (EMPLOYEE_ID,FIRST_NAME,LAST_NAME,EMAIL,PHONE_NUMBER,HIRE_DATE,JOB_ID,SALARY,COMMISSION_PCT,MANAGER_ID,DEPARTMENT_ID) values (129,'Laura','Bissot','LBISSOT','650.124.5234',convert(DATETIME, '20-AUG-97',10),'ST_CLERK',3300,null,121,50);
Insert into DBO.EMPLOYEES (EMPLOYEE_ID,FIRST_NAME,LAST_NAME,EMAIL,PHONE_NUMBER,HIRE_DATE,JOB_ID,SALARY,COMMISSION_PCT,MANAGER_ID,DEPARTMENT_ID) values (130,'Mozhe','Atkinson','MATKINSO','650.124.6234',convert(DATETIME, '30-OCT-97',10),'ST_CLERK',2800,null,121,50);
Insert into DBO.EMPLOYEES (EMPLOYEE_ID,FIRST_NAME,LAST_NAME,EMAIL,PHONE_NUMBER,HIRE_DATE,JOB_ID,SALARY,COMMISSION_PCT,MANAGER_ID,DEPARTMENT_ID) values (131,'James','Marlow','JAMRLOW','650.124.7234',convert(DATETIME, '16-FEB-97',10),'ST_CLERK',2500,null,121,50);
Insert into DBO.EMPLOYEES (EMPLOYEE_ID,FIRST_NAME,LAST_NAME,EMAIL,PHONE_NUMBER,HIRE_DATE,JOB_ID,SALARY,COMMISSION_PCT,MANAGER_ID,DEPARTMENT_ID) values (132,'TJ','Olson','TJOLSON','650.124.8234',convert(DATETIME, '10-APR-99',10),'ST_CLERK',2100,null,121,50);
Insert into DBO.EMPLOYEES (EMPLOYEE_ID,FIRST_NAME,LAST_NAME,EMAIL,PHONE_NUMBER,HIRE_DATE,JOB_ID,SALARY,COMMISSION_PCT,MANAGER_ID,DEPARTMENT_ID) values (133,'Jason','Mallin','JMALLIN','650.127.1934',convert(DATETIME, '14-JUN-96',10),'ST_CLERK',3300,null,122,50);
Insert into DBO.EMPLOYEES (EMPLOYEE_ID,FIRST_NAME,LAST_NAME,EMAIL,PHONE_NUMBER,HIRE_DATE,JOB_ID,SALARY,COMMISSION_PCT,MANAGER_ID,DEPARTMENT_ID) values (134,'Michael','Rogers','MROGERS','650.127.1834',convert(DATETIME, '26-AUG-98',10),'ST_CLERK',2900,null,122,50);
Insert into DBO.EMPLOYEES (EMPLOYEE_ID,FIRST_NAME,LAST_NAME,EMAIL,PHONE_NUMBER,HIRE_DATE,JOB_ID,SALARY,COMMISSION_PCT,MANAGER_ID,DEPARTMENT_ID) values (135,'Ki','Gee','KGEE','650.127.1734',convert(DATETIME, '12-DEC-99',10),'ST_CLERK',2400,null,122,50);
Insert into DBO.EMPLOYEES (EMPLOYEE_ID,FIRST_NAME,LAST_NAME,EMAIL,PHONE_NUMBER,HIRE_DATE,JOB_ID,SALARY,COMMISSION_PCT,MANAGER_ID,DEPARTMENT_ID) values (136,'Hazel','Philtanker','HPHILTAN','650.127.1634',convert(DATETIME, '06-FEB-00',10),'ST_CLERK',2200,null,122,50);
Insert into DBO.EMPLOYEES (EMPLOYEE_ID,FIRST_NAME,LAST_NAME,EMAIL,PHONE_NUMBER,HIRE_DATE,JOB_ID,SALARY,COMMISSION_PCT,MANAGER_ID,DEPARTMENT_ID) values (137,'Renske','Ladwig','RLADWIG','650.121.1234',convert(DATETIME, '14-JUL-95',10),'ST_CLERK',3600,null,123,50);
Insert into DBO.EMPLOYEES (EMPLOYEE_ID,FIRST_NAME,LAST_NAME,EMAIL,PHONE_NUMBER,HIRE_DATE,JOB_ID,SALARY,COMMISSION_PCT,MANAGER_ID,DEPARTMENT_ID) values (138,'Stephen','Stiles','SSTILES','650.121.2034',convert(DATETIME, '26-OCT-97',10),'ST_CLERK',3200,null,123,50);
Insert into DBO.EMPLOYEES (EMPLOYEE_ID,FIRST_NAME,LAST_NAME,EMAIL,PHONE_NUMBER,HIRE_DATE,JOB_ID,SALARY,COMMISSION_PCT,MANAGER_ID,DEPARTMENT_ID) values (139,'John','Seo','JSEO','650.121.2019',convert(DATETIME, '12-FEB-98',10),'ST_CLERK',2700,null,123,50);
Insert into DBO.EMPLOYEES (EMPLOYEE_ID,FIRST_NAME,LAST_NAME,EMAIL,PHONE_NUMBER,HIRE_DATE,JOB_ID,SALARY,COMMISSION_PCT,MANAGER_ID,DEPARTMENT_ID) values (140,'Joshua','Patel','JPATEL','650.121.1834',convert(DATETIME, '06-APR-98',10),'ST_CLERK',2500,null,123,50);
Insert into DBO.EMPLOYEES (EMPLOYEE_ID,FIRST_NAME,LAST_NAME,EMAIL,PHONE_NUMBER,HIRE_DATE,JOB_ID,SALARY,COMMISSION_PCT,MANAGER_ID,DEPARTMENT_ID) values (141,'Trenna','Rajs','TRAJS','650.121.8009',convert(DATETIME, '17-OCT-95',10),'ST_CLERK',3500,null,124,50);
Insert into DBO.EMPLOYEES (EMPLOYEE_ID,FIRST_NAME,LAST_NAME,EMAIL,PHONE_NUMBER,HIRE_DATE,JOB_ID,SALARY,COMMISSION_PCT,MANAGER_ID,DEPARTMENT_ID) values (142,'Curtis','Davies','CDAVIES','650.121.2994',convert(DATETIME, '29-JAN-97',10),'ST_CLERK',3100,null,124,50);
Insert into DBO.EMPLOYEES (EMPLOYEE_ID,FIRST_NAME,LAST_NAME,EMAIL,PHONE_NUMBER,HIRE_DATE,JOB_ID,SALARY,COMMISSION_PCT,MANAGER_ID,DEPARTMENT_ID) values (143,'Randall','Matos','RMATOS','650.121.2874',convert(DATETIME, '15-MAR-98',10),'ST_CLERK',2600,null,124,50);
Insert into DBO.EMPLOYEES (EMPLOYEE_ID,FIRST_NAME,LAST_NAME,EMAIL,PHONE_NUMBER,HIRE_DATE,JOB_ID,SALARY,COMMISSION_PCT,MANAGER_ID,DEPARTMENT_ID) values (144,'Peter','Vargas','PVARGAS','650.121.2004',convert(DATETIME, '09-JUL-98',10),'ST_CLERK',2500,null,124,50);
Insert into DBO.EMPLOYEES (EMPLOYEE_ID,FIRST_NAME,LAST_NAME,EMAIL,PHONE_NUMBER,HIRE_DATE,JOB_ID,SALARY,COMMISSION_PCT,MANAGER_ID,DEPARTMENT_ID) values (145,'John','Russell','JRUSSEL','011.44.1344.429268',convert(DATETIME, '01-OCT-96',10),'SA_MAN',14000,0.4,100,80);
Insert into DBO.EMPLOYEES (EMPLOYEE_ID,FIRST_NAME,LAST_NAME,EMAIL,PHONE_NUMBER,HIRE_DATE,JOB_ID,SALARY,COMMISSION_PCT,MANAGER_ID,DEPARTMENT_ID) values (146,'Karen','Partners','KPARTNER','011.44.1344.467268',convert(DATETIME, '05-JAN-97',10),'SA_MAN',13500,0.3,100,80);
Insert into DBO.EMPLOYEES (EMPLOYEE_ID,FIRST_NAME,LAST_NAME,EMAIL,PHONE_NUMBER,HIRE_DATE,JOB_ID,SALARY,COMMISSION_PCT,MANAGER_ID,DEPARTMENT_ID) values (147,'Alberto','Errazuriz','AERRAZUR','011.44.1344.429278',convert(DATETIME, '10-MAR-97',10),'SA_MAN',12000,0.3,100,80);
Insert into DBO.EMPLOYEES (EMPLOYEE_ID,FIRST_NAME,LAST_NAME,EMAIL,PHONE_NUMBER,HIRE_DATE,JOB_ID,SALARY,COMMISSION_PCT,MANAGER_ID,DEPARTMENT_ID) values (148,'Gerald','Cambrault','GCAMBRAU','011.44.1344.619268',convert(DATETIME, '15-OCT-99',10),'SA_MAN',11000,0.3,100,80);
Insert into DBO.EMPLOYEES (EMPLOYEE_ID,FIRST_NAME,LAST_NAME,EMAIL,PHONE_NUMBER,HIRE_DATE,JOB_ID,SALARY,COMMISSION_PCT,MANAGER_ID,DEPARTMENT_ID) values (149,'Eleni','Zlotkey','EZLOTKEY','011.44.1344.429018',convert(DATETIME, '29-JAN-00',10),'SA_MAN',10500,0.2,100,80);
Insert into DBO.EMPLOYEES (EMPLOYEE_ID,FIRST_NAME,LAST_NAME,EMAIL,PHONE_NUMBER,HIRE_DATE,JOB_ID,SALARY,COMMISSION_PCT,MANAGER_ID,DEPARTMENT_ID) values (150,'Peter','Tucker','PTUCKER','011.44.1344.129268',convert(DATETIME, '30-JAN-97',10),'SA_REP',10000,0.3,145,80);
Insert into DBO.EMPLOYEES (EMPLOYEE_ID,FIRST_NAME,LAST_NAME,EMAIL,PHONE_NUMBER,HIRE_DATE,JOB_ID,SALARY,COMMISSION_PCT,MANAGER_ID,DEPARTMENT_ID) values (151,'David','Bernstein','DBERNSTE','011.44.1344.345268',convert(DATETIME, '24-MAR-97',10),'SA_REP',9500,0.25,145,80);
Insert into DBO.EMPLOYEES (EMPLOYEE_ID,FIRST_NAME,LAST_NAME,EMAIL,PHONE_NUMBER,HIRE_DATE,JOB_ID,SALARY,COMMISSION_PCT,MANAGER_ID,DEPARTMENT_ID) values (152,'Peter','Hall','PHALL','011.44.1344.478968',convert(DATETIME, '20-AUG-97',10),'SA_REP',9000,0.25,145,80);
Insert into DBO.EMPLOYEES (EMPLOYEE_ID,FIRST_NAME,LAST_NAME,EMAIL,PHONE_NUMBER,HIRE_DATE,JOB_ID,SALARY,COMMISSION_PCT,MANAGER_ID,DEPARTMENT_ID) values (153,'Christopher','Olsen','COLSEN','011.44.1344.498718',convert(DATETIME, '30-MAR-98',10),'SA_REP',8000,0.2,145,80);
Insert into DBO.EMPLOYEES (EMPLOYEE_ID,FIRST_NAME,LAST_NAME,EMAIL,PHONE_NUMBER,HIRE_DATE,JOB_ID,SALARY,COMMISSION_PCT,MANAGER_ID,DEPARTMENT_ID) values (154,'Nanette','Cambrault','NCAMBRAU','011.44.1344.987668',convert(DATETIME, '09-DEC-98',10),'SA_REP',7500,0.2,145,80);
Insert into DBO.EMPLOYEES (EMPLOYEE_ID,FIRST_NAME,LAST_NAME,EMAIL,PHONE_NUMBER,HIRE_DATE,JOB_ID,SALARY,COMMISSION_PCT,MANAGER_ID,DEPARTMENT_ID) values (155,'Oliver','Tuvault','OTUVAULT','011.44.1344.486508',convert(DATETIME, '23-NOV-99',10),'SA_REP',7000,0.15,145,80);
Insert into DBO.EMPLOYEES (EMPLOYEE_ID,FIRST_NAME,LAST_NAME,EMAIL,PHONE_NUMBER,HIRE_DATE,JOB_ID,SALARY,COMMISSION_PCT,MANAGER_ID,DEPARTMENT_ID) values (156,'Janette','King','JKING','011.44.1345.429268',convert(DATETIME, '30-JAN-96',10),'SA_REP',10000,0.35,146,80);
Insert into DBO.EMPLOYEES (EMPLOYEE_ID,FIRST_NAME,LAST_NAME,EMAIL,PHONE_NUMBER,HIRE_DATE,JOB_ID,SALARY,COMMISSION_PCT,MANAGER_ID,DEPARTMENT_ID) values (157,'Patrick','Sully','PSULLY','011.44.1345.929268',convert(DATETIME, '04-MAR-96',10),'SA_REP',9500,0.35,146,80);
Insert into DBO.EMPLOYEES (EMPLOYEE_ID,FIRST_NAME,LAST_NAME,EMAIL,PHONE_NUMBER,HIRE_DATE,JOB_ID,SALARY,COMMISSION_PCT,MANAGER_ID,DEPARTMENT_ID) values (158,'Allan','McEwen','AMCEWEN','011.44.1345.829268',convert(DATETIME, '01-AUG-96',10),'SA_REP',9000,0.35,146,80);
Insert into DBO.EMPLOYEES (EMPLOYEE_ID,FIRST_NAME,LAST_NAME,EMAIL,PHONE_NUMBER,HIRE_DATE,JOB_ID,SALARY,COMMISSION_PCT,MANAGER_ID,DEPARTMENT_ID) values (159,'Lindsey','Smith','LSMITH','011.44.1345.729268',convert(DATETIME, '10-MAR-97',10),'SA_REP',8000,0.3,146,80);
Insert into DBO.EMPLOYEES (EMPLOYEE_ID,FIRST_NAME,LAST_NAME,EMAIL,PHONE_NUMBER,HIRE_DATE,JOB_ID,SALARY,COMMISSION_PCT,MANAGER_ID,DEPARTMENT_ID) values (160,'Louise','Doran','LDORAN','011.44.1345.629268',convert(DATETIME, '15-DEC-97',10),'SA_REP',7500,0.3,146,80);
Insert into DBO.EMPLOYEES (EMPLOYEE_ID,FIRST_NAME,LAST_NAME,EMAIL,PHONE_NUMBER,HIRE_DATE,JOB_ID,SALARY,COMMISSION_PCT,MANAGER_ID,DEPARTMENT_ID) values (161,'Sarath','Sewall','SSEWALL','011.44.1345.529268',convert(DATETIME, '03-NOV-98',10),'SA_REP',7000,0.25,146,80);
Insert into DBO.EMPLOYEES (EMPLOYEE_ID,FIRST_NAME,LAST_NAME,EMAIL,PHONE_NUMBER,HIRE_DATE,JOB_ID,SALARY,COMMISSION_PCT,MANAGER_ID,DEPARTMENT_ID) values (162,'Clara','Vishney','CVISHNEY','011.44.1346.129268',convert(DATETIME, '11-NOV-97',10),'SA_REP',10500,0.25,147,80);
Insert into DBO.EMPLOYEES (EMPLOYEE_ID,FIRST_NAME,LAST_NAME,EMAIL,PHONE_NUMBER,HIRE_DATE,JOB_ID,SALARY,COMMISSION_PCT,MANAGER_ID,DEPARTMENT_ID) values (163,'Danielle','Greene','DGREENE','011.44.1346.229268',convert(DATETIME, '19-MAR-99',10),'SA_REP',9500,0.15,147,80);
Insert into DBO.EMPLOYEES (EMPLOYEE_ID,FIRST_NAME,LAST_NAME,EMAIL,PHONE_NUMBER,HIRE_DATE,JOB_ID,SALARY,COMMISSION_PCT,MANAGER_ID,DEPARTMENT_ID) values (164,'Mattea','Marvins','MMARVINS','011.44.1346.329268',convert(DATETIME, '24-JAN-00',10),'SA_REP',7200,0.1,147,80);
Insert into DBO.EMPLOYEES (EMPLOYEE_ID,FIRST_NAME,LAST_NAME,EMAIL,PHONE_NUMBER,HIRE_DATE,JOB_ID,SALARY,COMMISSION_PCT,MANAGER_ID,DEPARTMENT_ID) values (165,'David','Lee','DLEE','011.44.1346.529268',convert(DATETIME, '23-FEB-00',10),'SA_REP',6800,0.1,147,80);
Insert into DBO.EMPLOYEES (EMPLOYEE_ID,FIRST_NAME,LAST_NAME,EMAIL,PHONE_NUMBER,HIRE_DATE,JOB_ID,SALARY,COMMISSION_PCT,MANAGER_ID,DEPARTMENT_ID) values (166,'Sundar','Ande','SANDE','011.44.1346.629268',convert(DATETIME, '24-MAR-00',10),'SA_REP',6400,0.1,147,80);
Insert into DBO.EMPLOYEES (EMPLOYEE_ID,FIRST_NAME,LAST_NAME,EMAIL,PHONE_NUMBER,HIRE_DATE,JOB_ID,SALARY,COMMISSION_PCT,MANAGER_ID,DEPARTMENT_ID) values (167,'Amit','Banda','ABANDA','011.44.1346.729268',convert(DATETIME, '21-APR-00',10),'SA_REP',6200,0.1,147,80);
Insert into DBO.EMPLOYEES (EMPLOYEE_ID,FIRST_NAME,LAST_NAME,EMAIL,PHONE_NUMBER,HIRE_DATE,JOB_ID,SALARY,COMMISSION_PCT,MANAGER_ID,DEPARTMENT_ID) values (168,'Lisa','Ozer','LOZER','011.44.1343.929268',convert(DATETIME, '11-MAR-97',10),'SA_REP',11500,0.25,148,80);
Insert into DBO.EMPLOYEES (EMPLOYEE_ID,FIRST_NAME,LAST_NAME,EMAIL,PHONE_NUMBER,HIRE_DATE,JOB_ID,SALARY,COMMISSION_PCT,MANAGER_ID,DEPARTMENT_ID) values (169,'Harrison','Bloom','HBLOOM','011.44.1343.829268',convert(DATETIME, '23-MAR-98',10),'SA_REP',10000,0.2,148,80);
Insert into DBO.EMPLOYEES (EMPLOYEE_ID,FIRST_NAME,LAST_NAME,EMAIL,PHONE_NUMBER,HIRE_DATE,JOB_ID,SALARY,COMMISSION_PCT,MANAGER_ID,DEPARTMENT_ID) values (170,'Tayler','Fox','TFOX','011.44.1343.729268',convert(DATETIME, '24-JAN-98',10),'SA_REP',9600,0.2,148,80);
Insert into DBO.EMPLOYEES (EMPLOYEE_ID,FIRST_NAME,LAST_NAME,EMAIL,PHONE_NUMBER,HIRE_DATE,JOB_ID,SALARY,COMMISSION_PCT,MANAGER_ID,DEPARTMENT_ID) values (171,'William','Smith','WSMITH','011.44.1343.629268',convert(DATETIME, '23-FEB-99',10),'SA_REP',7400,0.15,148,80);
Insert into DBO.EMPLOYEES (EMPLOYEE_ID,FIRST_NAME,LAST_NAME,EMAIL,PHONE_NUMBER,HIRE_DATE,JOB_ID,SALARY,COMMISSION_PCT,MANAGER_ID,DEPARTMENT_ID) values (172,'Elizabeth','Bates','EBATES','011.44.1343.529268',convert(DATETIME, '24-MAR-99',10),'SA_REP',7300,0.15,148,80);
Insert into DBO.EMPLOYEES (EMPLOYEE_ID,FIRST_NAME,LAST_NAME,EMAIL,PHONE_NUMBER,HIRE_DATE,JOB_ID,SALARY,COMMISSION_PCT,MANAGER_ID,DEPARTMENT_ID) values (173,'Sundita','Kumar','SKUMAR','011.44.1343.329268',convert(DATETIME, '21-APR-00',10),'SA_REP',6100,0.1,148,80);
Insert into DBO.EMPLOYEES (EMPLOYEE_ID,FIRST_NAME,LAST_NAME,EMAIL,PHONE_NUMBER,HIRE_DATE,JOB_ID,SALARY,COMMISSION_PCT,MANAGER_ID,DEPARTMENT_ID) values (174,'Ellen','Abel','EABEL','011.44.1644.429267',convert(DATETIME, '11-MAY-96',10),'SA_REP',11000,0.3,149,80);
Insert into DBO.EMPLOYEES (EMPLOYEE_ID,FIRST_NAME,LAST_NAME,EMAIL,PHONE_NUMBER,HIRE_DATE,JOB_ID,SALARY,COMMISSION_PCT,MANAGER_ID,DEPARTMENT_ID) values (175,'Alyssa','Hutton','AHUTTON','011.44.1644.429266',convert(DATETIME, '19-MAR-97',10),'SA_REP',8800,0.25,149,80);
Insert into DBO.EMPLOYEES (EMPLOYEE_ID,FIRST_NAME,LAST_NAME,EMAIL,PHONE_NUMBER,HIRE_DATE,JOB_ID,SALARY,COMMISSION_PCT,MANAGER_ID,DEPARTMENT_ID) values (176,'Jonathon','Taylor','JTAYLOR','011.44.1644.429265',convert(DATETIME, '24-MAR-98',10),'SA_REP',8600,0.2,149,80);
Insert into DBO.EMPLOYEES (EMPLOYEE_ID,FIRST_NAME,LAST_NAME,EMAIL,PHONE_NUMBER,HIRE_DATE,JOB_ID,SALARY,COMMISSION_PCT,MANAGER_ID,DEPARTMENT_ID) values (177,'Jack','Livingston','JLIVINGS','011.44.1644.429264',convert(DATETIME, '23-APR-98',10),'SA_REP',8400,0.2,149,80);
Insert into DBO.EMPLOYEES (EMPLOYEE_ID,FIRST_NAME,LAST_NAME,EMAIL,PHONE_NUMBER,HIRE_DATE,JOB_ID,SALARY,COMMISSION_PCT,MANAGER_ID,DEPARTMENT_ID) values (178,'Kimberely','Grant','KGRANT','011.44.1644.429263',convert(DATETIME, '24-MAY-99',10),'SA_REP',7000,0.15,149,null);
Insert into DBO.EMPLOYEES (EMPLOYEE_ID,FIRST_NAME,LAST_NAME,EMAIL,PHONE_NUMBER,HIRE_DATE,JOB_ID,SALARY,COMMISSION_PCT,MANAGER_ID,DEPARTMENT_ID) values (179,'Charles','Johnson','CJOHNSON','011.44.1644.429262',convert(DATETIME, '04-JAN-00',10),'SA_REP',6200,0.1,149,80);
Insert into DBO.EMPLOYEES (EMPLOYEE_ID,FIRST_NAME,LAST_NAME,EMAIL,PHONE_NUMBER,HIRE_DATE,JOB_ID,SALARY,COMMISSION_PCT,MANAGER_ID,DEPARTMENT_ID) values (180,'Winston','Taylor','WTAYLOR','650.507.9876',convert(DATETIME, '24-JAN-98',10),'SH_CLERK',3200,null,120,50);
Insert into DBO.EMPLOYEES (EMPLOYEE_ID,FIRST_NAME,LAST_NAME,EMAIL,PHONE_NUMBER,HIRE_DATE,JOB_ID,SALARY,COMMISSION_PCT,MANAGER_ID,DEPARTMENT_ID) values (181,'Jean','Fleaur','JFLEAUR','650.507.9877',convert(DATETIME, '23-FEB-98',10),'SH_CLERK',3100,null,120,50);
Insert into DBO.EMPLOYEES (EMPLOYEE_ID,FIRST_NAME,LAST_NAME,EMAIL,PHONE_NUMBER,HIRE_DATE,JOB_ID,SALARY,COMMISSION_PCT,MANAGER_ID,DEPARTMENT_ID) values (182,'Martha','Sullivan','MSULLIVA','650.507.9878',convert(DATETIME, '21-JUN-99',10),'SH_CLERK',2500,null,120,50);
Insert into DBO.EMPLOYEES (EMPLOYEE_ID,FIRST_NAME,LAST_NAME,EMAIL,PHONE_NUMBER,HIRE_DATE,JOB_ID,SALARY,COMMISSION_PCT,MANAGER_ID,DEPARTMENT_ID) values (183,'Girard','Geoni','GGEONI','650.507.9879',convert(DATETIME, '03-FEB-00',10),'SH_CLERK',2800,null,120,50);
Insert into DBO.EMPLOYEES (EMPLOYEE_ID,FIRST_NAME,LAST_NAME,EMAIL,PHONE_NUMBER,HIRE_DATE,JOB_ID,SALARY,COMMISSION_PCT,MANAGER_ID,DEPARTMENT_ID) values (184,'Nandita','Sarchand','NSARCHAN','650.509.1876',convert(DATETIME, '27-JAN-96',10),'SH_CLERK',4200,null,121,50);
Insert into DBO.EMPLOYEES (EMPLOYEE_ID,FIRST_NAME,LAST_NAME,EMAIL,PHONE_NUMBER,HIRE_DATE,JOB_ID,SALARY,COMMISSION_PCT,MANAGER_ID,DEPARTMENT_ID) values (185,'Alexis','Bull','ABULL','650.509.2876',convert(DATETIME, '20-FEB-97',10),'SH_CLERK',4100,null,121,50);
Insert into DBO.EMPLOYEES (EMPLOYEE_ID,FIRST_NAME,LAST_NAME,EMAIL,PHONE_NUMBER,HIRE_DATE,JOB_ID,SALARY,COMMISSION_PCT,MANAGER_ID,DEPARTMENT_ID) values (186,'Julia','Dellinger','JDELLING','650.509.3876',convert(DATETIME, '24-JUN-98',10),'SH_CLERK',3400,null,121,50);
Insert into DBO.EMPLOYEES (EMPLOYEE_ID,FIRST_NAME,LAST_NAME,EMAIL,PHONE_NUMBER,HIRE_DATE,JOB_ID,SALARY,COMMISSION_PCT,MANAGER_ID,DEPARTMENT_ID) values (187,'Anthony','Cabrio','ACABRIO','650.509.4876',convert(DATETIME, '07-FEB-99',10),'SH_CLERK',3000,null,121,50);
Insert into DBO.EMPLOYEES (EMPLOYEE_ID,FIRST_NAME,LAST_NAME,EMAIL,PHONE_NUMBER,HIRE_DATE,JOB_ID,SALARY,COMMISSION_PCT,MANAGER_ID,DEPARTMENT_ID) values (188,'Kelly','Chung','KCHUNG','650.505.1876',convert(DATETIME, '14-JUN-97',10),'SH_CLERK',3800,null,122,50);
Insert into DBO.EMPLOYEES (EMPLOYEE_ID,FIRST_NAME,LAST_NAME,EMAIL,PHONE_NUMBER,HIRE_DATE,JOB_ID,SALARY,COMMISSION_PCT,MANAGER_ID,DEPARTMENT_ID) values (189,'Jennifer','Dilly','JDILLY','650.505.2876',convert(DATETIME, '13-AUG-97',10),'SH_CLERK',3600,null,122,50);
Insert into DBO.EMPLOYEES (EMPLOYEE_ID,FIRST_NAME,LAST_NAME,EMAIL,PHONE_NUMBER,HIRE_DATE,JOB_ID,SALARY,COMMISSION_PCT,MANAGER_ID,DEPARTMENT_ID) values (190,'Timothy','Gates','TGATES','650.505.3876',convert(DATETIME, '11-JUL-98',10),'SH_CLERK',2900,null,122,50);
Insert into DBO.EMPLOYEES (EMPLOYEE_ID,FIRST_NAME,LAST_NAME,EMAIL,PHONE_NUMBER,HIRE_DATE,JOB_ID,SALARY,COMMISSION_PCT,MANAGER_ID,DEPARTMENT_ID) values (191,'Randall','Perkins','RPERKINS','650.505.4876',convert(DATETIME, '19-DEC-99',10),'SH_CLERK',2500,null,122,50);
Insert into DBO.EMPLOYEES (EMPLOYEE_ID,FIRST_NAME,LAST_NAME,EMAIL,PHONE_NUMBER,HIRE_DATE,JOB_ID,SALARY,COMMISSION_PCT,MANAGER_ID,DEPARTMENT_ID) values (192,'Sarah','Bell','SBELL','650.501.1876',convert(DATETIME, '04-FEB-96',10),'SH_CLERK',4000,null,123,50);
Insert into DBO.EMPLOYEES (EMPLOYEE_ID,FIRST_NAME,LAST_NAME,EMAIL,PHONE_NUMBER,HIRE_DATE,JOB_ID,SALARY,COMMISSION_PCT,MANAGER_ID,DEPARTMENT_ID) values (193,'Britney','Everett','BEVERETT','650.501.2876',convert(DATETIME, '03-MAR-97',10),'SH_CLERK',3900,null,123,50);
Insert into DBO.EMPLOYEES (EMPLOYEE_ID,FIRST_NAME,LAST_NAME,EMAIL,PHONE_NUMBER,HIRE_DATE,JOB_ID,SALARY,COMMISSION_PCT,MANAGER_ID,DEPARTMENT_ID) values (194,'Samuel','McCain','SMCCAIN','650.501.3876',convert(DATETIME, '01-JUL-98',10),'SH_CLERK',3200,null,123,50);
Insert into DBO.EMPLOYEES (EMPLOYEE_ID,FIRST_NAME,LAST_NAME,EMAIL,PHONE_NUMBER,HIRE_DATE,JOB_ID,SALARY,COMMISSION_PCT,MANAGER_ID,DEPARTMENT_ID) values (195,'Vance','Jones','VJONES','650.501.4876',convert(DATETIME, '17-MAR-99',10),'SH_CLERK',2800,null,123,50);
Insert into DBO.EMPLOYEES (EMPLOYEE_ID,FIRST_NAME,LAST_NAME,EMAIL,PHONE_NUMBER,HIRE_DATE,JOB_ID,SALARY,COMMISSION_PCT,MANAGER_ID,DEPARTMENT_ID) values (196,'Alana','Walsh','AWALSH','650.507.9811',convert(DATETIME, '24-APR-98',10),'SH_CLERK',3100,null,124,50);
Insert into DBO.EMPLOYEES (EMPLOYEE_ID,FIRST_NAME,LAST_NAME,EMAIL,PHONE_NUMBER,HIRE_DATE,JOB_ID,SALARY,COMMISSION_PCT,MANAGER_ID,DEPARTMENT_ID) values (197,'Kevin','Feeney','KFEENEY','650.507.9822',convert(DATETIME, '23-MAY-98',10),'SH_CLERK',3000,null,124,50);
Insert into DBO.EMPLOYEES (EMPLOYEE_ID,FIRST_NAME,LAST_NAME,EMAIL,PHONE_NUMBER,HIRE_DATE,JOB_ID,SALARY,COMMISSION_PCT,MANAGER_ID,DEPARTMENT_ID) values (198,'Donald','OConnell','DOCONNEL','650.507.9833',convert(DATETIME, '21-JUN-99',10),'SH_CLERK',2600,null,124,50);
Insert into DBO.EMPLOYEES (EMPLOYEE_ID,FIRST_NAME,LAST_NAME,EMAIL,PHONE_NUMBER,HIRE_DATE,JOB_ID,SALARY,COMMISSION_PCT,MANAGER_ID,DEPARTMENT_ID) values (199,'Douglas','Grant','DGRANT','650.507.9844',convert(DATETIME, '13-JAN-00',10),'SH_CLERK',2600,null,124,50);
Insert into DBO.EMPLOYEES (EMPLOYEE_ID,FIRST_NAME,LAST_NAME,EMAIL,PHONE_NUMBER,HIRE_DATE,JOB_ID,SALARY,COMMISSION_PCT,MANAGER_ID,DEPARTMENT_ID) values (200,'Jennifer','Whalen','JWHALEN','515.123.4444',convert(DATETIME, '17-SEP-87',10),'AD_ASST',4400,null,101,10);
Insert into DBO.EMPLOYEES (EMPLOYEE_ID,FIRST_NAME,LAST_NAME,EMAIL,PHONE_NUMBER,HIRE_DATE,JOB_ID,SALARY,COMMISSION_PCT,MANAGER_ID,DEPARTMENT_ID) values (201,'Michael','Hartstein','MHARTSTE','515.123.5555',convert(DATETIME, '17-FEB-96',10),'MK_MAN',13000,null,100,20);
Insert into DBO.EMPLOYEES (EMPLOYEE_ID,FIRST_NAME,LAST_NAME,EMAIL,PHONE_NUMBER,HIRE_DATE,JOB_ID,SALARY,COMMISSION_PCT,MANAGER_ID,DEPARTMENT_ID) values (202,'Pat','Fay','PFAY','603.123.6666',convert(DATETIME, '17-AUG-97',10),'MK_REP',6000,null,201,20);
Insert into DBO.EMPLOYEES (EMPLOYEE_ID,FIRST_NAME,LAST_NAME,EMAIL,PHONE_NUMBER,HIRE_DATE,JOB_ID,SALARY,COMMISSION_PCT,MANAGER_ID,DEPARTMENT_ID) values (203,'Susan','Mavris','SMAVRIS','515.123.7777',convert(DATETIME, '07-JUN-94',10),'HR_REP',6500,null,101,40);
Insert into DBO.EMPLOYEES (EMPLOYEE_ID,FIRST_NAME,LAST_NAME,EMAIL,PHONE_NUMBER,HIRE_DATE,JOB_ID,SALARY,COMMISSION_PCT,MANAGER_ID,DEPARTMENT_ID) values (204,'Hermann','Baer','HBAER','515.123.8888',convert(DATETIME, '07-JUN-94',10),'PR_REP',10000,null,101,70);
Insert into DBO.EMPLOYEES (EMPLOYEE_ID,FIRST_NAME,LAST_NAME,EMAIL,PHONE_NUMBER,HIRE_DATE,JOB_ID,SALARY,COMMISSION_PCT,MANAGER_ID,DEPARTMENT_ID) values (205,'Shelley','Higgins','SHIGGINS','515.123.8080',convert(DATETIME, '07-JUN-94',10),'AC_MGR',12000,null,101,110);
Insert into DBO.EMPLOYEES (EMPLOYEE_ID,FIRST_NAME,LAST_NAME,EMAIL,PHONE_NUMBER,HIRE_DATE,JOB_ID,SALARY,COMMISSION_PCT,MANAGER_ID,DEPARTMENT_ID) values (206,'William','Gietz','WGIETZ','515.123.8181',convert(DATETIME, '07-JUN-94',10),'AC_ACCOUNT',8300,null,205,110);

-- INSERTING into HR.JOBS
Insert into DBO.JOBS (JOB_ID,JOB_TITLE,MIN_SALARY,MAX_SALARY) values ('AD_PRES','President',20000,40000);
Insert into DBO.JOBS (JOB_ID,JOB_TITLE,MIN_SALARY,MAX_SALARY) values ('AD_VP','Administration Vice President',15000,30000);
Insert into DBO.JOBS (JOB_ID,JOB_TITLE,MIN_SALARY,MAX_SALARY) values ('AD_ASST','Administration Assistant',3000,6000);
Insert into DBO.JOBS (JOB_ID,JOB_TITLE,MIN_SALARY,MAX_SALARY) values ('FI_MGR','Finance Manager',8200,16000);
Insert into DBO.JOBS (JOB_ID,JOB_TITLE,MIN_SALARY,MAX_SALARY) values ('FI_ACCOUNT','Accountant',4200,9000);
Insert into DBO.JOBS (JOB_ID,JOB_TITLE,MIN_SALARY,MAX_SALARY) values ('AC_MGR','Accounting Manager',8200,16000);
Insert into DBO.JOBS (JOB_ID,JOB_TITLE,MIN_SALARY,MAX_SALARY) values ('AC_ACCOUNT','Public Accountant',4200,9000);
Insert into DBO.JOBS (JOB_ID,JOB_TITLE,MIN_SALARY,MAX_SALARY) values ('SA_MAN','Sales Manager',10000,20000);
Insert into DBO.JOBS (JOB_ID,JOB_TITLE,MIN_SALARY,MAX_SALARY) values ('SA_REP','Sales Representative',6000,12000);
Insert into DBO.JOBS (JOB_ID,JOB_TITLE,MIN_SALARY,MAX_SALARY) values ('PU_MAN','Purchasing Manager',8000,15000);
Insert into DBO.JOBS (JOB_ID,JOB_TITLE,MIN_SALARY,MAX_SALARY) values ('PU_CLERK','Purchasing Clerk',2500,5500);
Insert into DBO.JOBS (JOB_ID,JOB_TITLE,MIN_SALARY,MAX_SALARY) values ('ST_MAN','Stock Manager',5500,8500);
Insert into DBO.JOBS (JOB_ID,JOB_TITLE,MIN_SALARY,MAX_SALARY) values ('ST_CLERK','Stock Clerk',2000,5000);
Insert into DBO.JOBS (JOB_ID,JOB_TITLE,MIN_SALARY,MAX_SALARY) values ('SH_CLERK','Shipping Clerk',2500,5500);
Insert into DBO.JOBS (JOB_ID,JOB_TITLE,MIN_SALARY,MAX_SALARY) values ('IT_PROG','Programmer',4000,10000);
Insert into DBO.JOBS (JOB_ID,JOB_TITLE,MIN_SALARY,MAX_SALARY) values ('MK_MAN','Marketing Manager',9000,15000);
Insert into DBO.JOBS (JOB_ID,JOB_TITLE,MIN_SALARY,MAX_SALARY) values ('MK_REP','Marketing Representative',4000,9000);
Insert into DBO.JOBS (JOB_ID,JOB_TITLE,MIN_SALARY,MAX_SALARY) values ('HR_REP','Human Resources Representative',4000,9000);
Insert into DBO.JOBS (JOB_ID,JOB_TITLE,MIN_SALARY,MAX_SALARY) values ('PR_REP','Public Relations Representative',4500,10500);

-- INSERTING into HR.JOB_HISTORY
Insert into DBO.JOB_HISTORY (EMPLOYEE_ID,START_DATE,END_DATE,JOB_ID,DEPARTMENT_ID) values (102,convert(DATETIME, '13-JAN-93',10),convert(DATETIME, '24-JUL-98',10),'IT_PROG',60);
Insert into DBO.JOB_HISTORY (EMPLOYEE_ID,START_DATE,END_DATE,JOB_ID,DEPARTMENT_ID) values (101,convert(DATETIME, '21-SEP-89',10),convert(DATETIME, '27-OCT-93',10),'AC_ACCOUNT',110);
Insert into DBO.JOB_HISTORY (EMPLOYEE_ID,START_DATE,END_DATE,JOB_ID,DEPARTMENT_ID) values (101,convert(DATETIME, '28-OCT-93',10),convert(DATETIME, '15-MAR-97',10),'AC_MGR',110);
Insert into DBO.JOB_HISTORY (EMPLOYEE_ID,START_DATE,END_DATE,JOB_ID,DEPARTMENT_ID) values (201,convert(DATETIME, '17-FEB-96',10),convert(DATETIME, '19-DEC-99',10),'MK_REP',20);
Insert into DBO.JOB_HISTORY (EMPLOYEE_ID,START_DATE,END_DATE,JOB_ID,DEPARTMENT_ID) values (114,convert(DATETIME, '24-MAR-98',10),convert(DATETIME, '31-DEC-99',10),'ST_CLERK',50);
Insert into DBO.JOB_HISTORY (EMPLOYEE_ID,START_DATE,END_DATE,JOB_ID,DEPARTMENT_ID) values (122,convert(DATETIME, '01-JAN-99',10),convert(DATETIME, '31-DEC-99',10),'ST_CLERK',50);
Insert into DBO.JOB_HISTORY (EMPLOYEE_ID,START_DATE,END_DATE,JOB_ID,DEPARTMENT_ID) values (200,convert(DATETIME, '17-SEP-87',10),convert(DATETIME, '17-JUN-93',10),'AD_ASST',90);
Insert into DBO.JOB_HISTORY (EMPLOYEE_ID,START_DATE,END_DATE,JOB_ID,DEPARTMENT_ID) values (176,convert(DATETIME, '24-MAR-98',10),convert(DATETIME, '31-DEC-98',10),'SA_REP',80);
Insert into DBO.JOB_HISTORY (EMPLOYEE_ID,START_DATE,END_DATE,JOB_ID,DEPARTMENT_ID) values (176,convert(DATETIME, '01-JAN-99',10),convert(DATETIME, '31-DEC-99',10),'SA_MAN',80);
Insert into DBO.JOB_HISTORY (EMPLOYEE_ID,START_DATE,END_DATE,JOB_ID,DEPARTMENT_ID) values (200,convert(DATETIME, '01-JUL-94',10),convert(DATETIME, '31-DEC-98',10),'AC_ACCOUNT',90);

-- INSERTING into HR.LOCATIONS
Insert into DBO.LOCATIONS (LOCATION_ID,STREET_ADDRESS,POSTAL_CODE,CITY,STATE_PROVINCE,COUNTRY_ID) values (1000,'1297 Via Cola di Rie','00989','Roma',null,'IT');
Insert into DBO.LOCATIONS (LOCATION_ID,STREET_ADDRESS,POSTAL_CODE,CITY,STATE_PROVINCE,COUNTRY_ID) values (1100,'93091 Calle della Testa','10934','Venice',null,'IT');
Insert into DBO.LOCATIONS (LOCATION_ID,STREET_ADDRESS,POSTAL_CODE,CITY,STATE_PROVINCE,COUNTRY_ID) values (1200,'2017 Shinjuku-ku','1689','Tokyo','Tokyo Prefecture','JP');
Insert into DBO.LOCATIONS (LOCATION_ID,STREET_ADDRESS,POSTAL_CODE,CITY,STATE_PROVINCE,COUNTRY_ID) values (1300,'9450 Kamiya-cho','6823','Hiroshima',null,'JP');
Insert into DBO.LOCATIONS (LOCATION_ID,STREET_ADDRESS,POSTAL_CODE,CITY,STATE_PROVINCE,COUNTRY_ID) values (1400,'2014 Jabberwocky Rd','26192','Southlake','Texas','US');
Insert into DBO.LOCATIONS (LOCATION_ID,STREET_ADDRESS,POSTAL_CODE,CITY,STATE_PROVINCE,COUNTRY_ID) values (1500,'2011 Interiors Blvd','99236','South San Francisco','California','US');
Insert into DBO.LOCATIONS (LOCATION_ID,STREET_ADDRESS,POSTAL_CODE,CITY,STATE_PROVINCE,COUNTRY_ID) values (1600,'2007 Zagora St','50090','South Brunswick','New Jersey','US');
Insert into DBO.LOCATIONS (LOCATION_ID,STREET_ADDRESS,POSTAL_CODE,CITY,STATE_PROVINCE,COUNTRY_ID) values (1700,'2004 Charade Rd','98199','Seattle','Washington','US');
Insert into DBO.LOCATIONS (LOCATION_ID,STREET_ADDRESS,POSTAL_CODE,CITY,STATE_PROVINCE,COUNTRY_ID) values (1800,'147 Spadina Ave','M5V 2L7','Toronto','Ontario','CA');
Insert into DBO.LOCATIONS (LOCATION_ID,STREET_ADDRESS,POSTAL_CODE,CITY,STATE_PROVINCE,COUNTRY_ID) values (1900,'6092 Boxwood St','YSW 9T2','Whitehorse','Yukon','CA');
Insert into DBO.LOCATIONS (LOCATION_ID,STREET_ADDRESS,POSTAL_CODE,CITY,STATE_PROVINCE,COUNTRY_ID) values (2000,'40-5-12 Laogianggen','190518','Beijing',null,'CN');
Insert into DBO.LOCATIONS (LOCATION_ID,STREET_ADDRESS,POSTAL_CODE,CITY,STATE_PROVINCE,COUNTRY_ID) values (2100,'1298 Vileparle (E)','490231','Bombay','Maharashtra','IN');
Insert into DBO.LOCATIONS (LOCATION_ID,STREET_ADDRESS,POSTAL_CODE,CITY,STATE_PROVINCE,COUNTRY_ID) values (2200,'12-98 Victoria Street','2901','Sydney','New South Wales','AU');
Insert into DBO.LOCATIONS (LOCATION_ID,STREET_ADDRESS,POSTAL_CODE,CITY,STATE_PROVINCE,COUNTRY_ID) values (2300,'198 Clementi North','540198','Singapore',null,'SG');
Insert into DBO.LOCATIONS (LOCATION_ID,STREET_ADDRESS,POSTAL_CODE,CITY,STATE_PROVINCE,COUNTRY_ID) values (2400,'8204 Arthur St',null,'London',null,'UK');
Insert into DBO.LOCATIONS (LOCATION_ID,STREET_ADDRESS,POSTAL_CODE,CITY,STATE_PROVINCE,COUNTRY_ID) values (2500,'Magdalen Centre, The Oxford Science Park','OX9 9ZB','Oxford','Oxford','UK');
Insert into DBO.LOCATIONS (LOCATION_ID,STREET_ADDRESS,POSTAL_CODE,CITY,STATE_PROVINCE,COUNTRY_ID) values (2600,'9702 Chester Road','09629850293','Stretford','Manchester','UK');
Insert into DBO.LOCATIONS (LOCATION_ID,STREET_ADDRESS,POSTAL_CODE,CITY,STATE_PROVINCE,COUNTRY_ID) values (2700,'Schwanthalerstr. 7031','80925','Munich','Bavaria','DE');
Insert into DBO.LOCATIONS (LOCATION_ID,STREET_ADDRESS,POSTAL_CODE,CITY,STATE_PROVINCE,COUNTRY_ID) values (2800,'Rua Frei Caneca 1360 ','01307-002','Sao Paulo','Sao Paulo','BR');
Insert into DBO.LOCATIONS (LOCATION_ID,STREET_ADDRESS,POSTAL_CODE,CITY,STATE_PROVINCE,COUNTRY_ID) values (2900,'20 Rue des Corps-Saints','1730','Geneva','Geneve','CH');
Insert into DBO.LOCATIONS (LOCATION_ID,STREET_ADDRESS,POSTAL_CODE,CITY,STATE_PROVINCE,COUNTRY_ID) values (3000,'Murtenstrasse 921','3095','Bern','BE','CH');
Insert into DBO.LOCATIONS (LOCATION_ID,STREET_ADDRESS,POSTAL_CODE,CITY,STATE_PROVINCE,COUNTRY_ID) values (3100,'Pieter Breughelstraat 837','3029SK','Utrecht','Utrecht','NL');
Insert into DBO.LOCATIONS (LOCATION_ID,STREET_ADDRESS,POSTAL_CODE,CITY,STATE_PROVINCE,COUNTRY_ID) values (3200,'Mariano Escobedo 9991','11932','Mexico City','Distrito Federal,','MX');

-- INSERTING into HR.REGIONS
Insert into DBO.REGIONS (REGION_ID,REGION_NAME) values (1,'Europe');
Insert into DBO.REGIONS (REGION_ID,REGION_NAME) values (2,'Americas');
Insert into DBO.REGIONS (REGION_ID,REGION_NAME) values (3,'Asia');
Insert into DBO.REGIONS (REGION_ID,REGION_NAME) values (4,'Middle East and Africa');

-- indexes creating
CREATE UNIQUE INDEX [DEPT_ID_PK] ON [DBO].[DEPARTMENTS] ([DEPARTMENT_ID]);
CREATE INDEX [DEPT_LOCATION_IX] ON "DBO"."DEPARTMENTS" ("LOCATION_ID");
CREATE INDEX "EMP_DEPARTMENT_IX" ON "DBO"."EMPLOYEES" ("DEPARTMENT_ID");
CREATE UNIQUE INDEX "EMP_EMAIL_UK" ON "DBO"."EMPLOYEES" ("EMAIL"); 
CREATE UNIQUE INDEX "EMP_EMP_ID_PK" ON "DBO"."EMPLOYEES" ("EMPLOYEE_ID"); 
CREATE INDEX "EMP_JOB_IX" ON "DBO"."EMPLOYEES" ("JOB_ID"); 
CREATE INDEX "EMP_MANAGER_IX" ON "DBO"."EMPLOYEES" ("MANAGER_ID"); 
CREATE INDEX "EMP_NAME_IX" ON "DBO"."EMPLOYEES" ("LAST_NAME", "FIRST_NAME"); 
CREATE INDEX "JHIST_DEPARTMENT_IX" ON "DBO"."JOB_HISTORY" ("DEPARTMENT_ID"); 
CREATE INDEX "JHIST_EMPLOYEE_IX" ON "DBO"."JOB_HISTORY" ("EMPLOYEE_ID");
CREATE UNIQUE INDEX "JHIST_EMP_ID_ST_DATE_PK" ON "DBO"."JOB_HISTORY" ("EMPLOYEE_ID", "START_DATE");
CREATE INDEX "JHIST_JOB_IX" ON "DBO"."JOB_HISTORY" ("JOB_ID");
CREATE UNIQUE INDEX "JOB_ID_PK" ON "DBO"."JOBS" ("JOB_ID");
CREATE INDEX "LOC_CITY_IX" ON "DBO"."LOCATIONS" ("CITY");
CREATE INDEX "LOC_COUNTRY_IX" ON "DBO"."LOCATIONS" ("COUNTRY_ID"); 
CREATE UNIQUE INDEX "LOC_ID_PK" ON "DBO"."LOCATIONS" ("LOCATION_ID");
CREATE INDEX "LOC_STATE_PROVINCE_IX" ON "DBO"."LOCATIONS" ("STATE_PROVINCE")
CREATE UNIQUE INDEX "REG_ID_PK" ON "DBO"."REGIONS" ("REGION_ID") 

-- insert constraints
--  Ref Constraints for Table COUNTRIES
--------------------------------------------------------
ALTER TABLE "DBO"."COUNTRIES" ADD CONSTRAINT "COUNTR_REG_FK" FOREIGN KEY ("REGION_ID")
REFERENCES "DBO"."REGIONS" ("REGION_ID");
--------------------------------------------------------

--  Ref Constraints for Table DEPARTMENTS
--------------------------------------------------------
ALTER TABLE "DBO"."DEPARTMENTS" ADD CONSTRAINT "DEPT_LOC_FK" FOREIGN KEY ("LOCATION_ID")
REFERENCES "DBO"."LOCATIONS" ("LOCATION_ID");

ALTER TABLE "DBO"."DEPARTMENTS" ADD CONSTRAINT "DEPT_MGR_FK" FOREIGN KEY ("MANAGER_ID")
REFERENCES "DBO"."EMPLOYEES" ("EMPLOYEE_ID");
--------------------------------------------------------

--  Ref Constraints for Table EMPLOYEES
--------------------------------------------------------

ALTER TABLE "DBO"."EMPLOYEES" ADD CONSTRAINT "EMP_DEPT_FK" FOREIGN KEY ("DEPARTMENT_ID")
REFERENCES "DBO"."DEPARTMENTS" ("DEPARTMENT_ID");

ALTER TABLE "DBO"."EMPLOYEES" ADD CONSTRAINT "EMP_JOB_FK" FOREIGN KEY ("JOB_ID")
REFERENCES "DBO"."JOBS" ("JOB_ID");

ALTER TABLE "DBO"."EMPLOYEES" ADD CONSTRAINT "EMP_MANAGER_FK" FOREIGN KEY ("MANAGER_ID")
REFERENCES "DBO"."EMPLOYEES" ("EMPLOYEE_ID");
--------------------------------------------------------

--  Ref Constraints for Table JOB_HISTORY
--------------------------------------------------------
ALTER TABLE "DBO"."JOB_HISTORY" ADD CONSTRAINT "JHIST_DEPT_FK" FOREIGN KEY ("DEPARTMENT_ID")
REFERENCES "DBO"."DEPARTMENTS" ("DEPARTMENT_ID");

ALTER TABLE "DBO"."JOB_HISTORY" ADD CONSTRAINT "JHIST_EMP_FK" FOREIGN KEY ("EMPLOYEE_ID")
REFERENCES "DBO"."EMPLOYEES" ("EMPLOYEE_ID");

ALTER TABLE "DBO"."JOB_HISTORY" ADD CONSTRAINT "JHIST_JOB_FK" FOREIGN KEY ("JOB_ID")
REFERENCES "DBO"."JOBS" ("JOB_ID");
--------------------------------------------------------

--  Ref Constraints for Table LOCATIONS
--------------------------------------------------------
ALTER TABLE "DBO"."LOCATIONS" ADD CONSTRAINT "LOC_C_ID_FK" FOREIGN KEY ("COUNTRY_ID")
REFERENCES "DBO"."COUNTRIES" ("COUNTRY_ID");

--------------------------------------------------------
--  DDL for Trigger SECURE_EMPLOYEES
--------------------------------------------------------

IF OBJECT_ID('"DBO"."ADD_JOB_HISTORY"', 'P') IS NOT NULL
    DROP PROCEDURE "DBO"."ADD_JOB_HISTORY";
GO

CREATE PROCEDURE "DBO"."ADD_JOB_HISTORY" 
  (  @p_emp_id int          /* Use -meta option job_history.employee_id%type */
   , @p_start_date datetime      /* Use -meta option job_history.start_date%type */
   , @p_end_date datetime        /* Use -meta option job_history.end_date%type */
   , @p_job_id int          /* Use -meta option job_history.job_id%type */
   , @p_department_id int   /* Use -meta option job_history.department_id%type */
  )
AS
BEGIN
SET NOCOUNT ON;
  INSERT INTO job_history (employee_id, start_date, end_date,
                           job_id, department_id)
    VALUES(@p_emp_id, @p_start_date, @p_end_date, @p_job_id, @p_department_id);
END;
GO
